{
    "accuracy_test": 0.875,
    "accuracy_train": 0.8528610354223434,
    "precision_test": 0.8691588785046729,
    "precision_train": 0.8599033816425121,
    "recall_test": 0.9117647058823529,
    "recall_train": 0.8768472906403941,
    "f1_test": 0.8899521531100478,
    "f1_train": 0.8682926829268293,
    "auc_test": 0.8983739837398373,
    "auc_train": 0.9137180103328127,
    "specificity_test": 0.8292682926829268,
    "cv_accuracy_mean": 0.8500978473581213,
    "cv_accuracy_std": 0.03592584288161263,
    "cv_f1_mean": 0.8654533054081639,
    "cv_f1_std": 0.03243080247849397,
    "tn": 68,
    "fp": 14,
    "fn": 9,
    "tp": 93,
    "coefficients": {
        "ST_Slope": 1.0773419310533583,
        "ExerciseAngina": 0.6293900905884058,
        "ChestPainType": 0.5670695423597029,
        "FastingBS": 0.356368455434316,
        "Oldpeak": 0.18351012436791136,
        "RestingECG": 0.11975817613402205,
        "RestingBP": 0.021989013793790806,
        "Age": -0.03304749605564431,
        "MaxHR": -0.3074433111507597,
        "Cholesterol": -0.4065976087269666,
        "Sex": -0.4076105885890504
    },
    "intercept": 0.3815351960624553
}