{
    "accuracy_test": 0.875,
    "accuracy_train": 0.9114441416893733,
    "precision_test": 0.8623853211009175,
    "precision_train": 0.9049881235154394,
    "recall_test": 0.9215686274509803,
    "recall_train": 0.9384236453201971,
    "f1_test": 0.8909952606635071,
    "f1_train": 0.9214026602176542,
    "auc_test": 0.926829268292683,
    "auc_train": 0.9801528895830829,
    "specificity_test": 0.8170731707317073,
    "cv_accuracy_mean": 0.8596309756779423,
    "cv_accuracy_std": 0.021668627486006776,
    "cv_f1_mean": 0.875885284169691,
    "cv_f1_std": 0.01926707403141955,
    "tn": 67,
    "fp": 15,
    "fn": 8,
    "tp": 94
}